0	80.0443066242403	76223
1	80.01899144934198	76223
2	80.00418646950577	76223
3	80.00094503533307	76225
4	79.9900356475652	76225
5	79.99789917945355	76230
6	80.02522310437776	76229
7	80.09161578571954	76228
8	80.08636759192414	76232
9	80.10249286903614	76231
10	80.08835797263772	76231
11	80.03549633837441	76234
12	80.00646744648243	76238
13	79.95459642923356	76239
14	79.98340993131046	76236
15	80.01187157983475	76234
16	79.97709810913317	76241
17	80.012797472706	76239
18	80.01719447563167	76238
19	79.98902841381208	76239
20	79.97007225396945	76241
21	79.9844904669648	76241
22	79.95736057210951	76246
23	79.99261055721921	76245
24	80.03765251757811	76248
25	79.98712247887642	76256
26	79.98484285776156	76250
27	80.01458385490339	76251
28	80.01655307949692	76247
29	80.05442747611943	76247
30	80.09859028828197	76246
31	80.09002049108369	76244
32	80.14685865657916	76249
33	80.12965212409827	76256
34	80.10259396588827	76253
35	80.0847700204914	76245
36	80.12795301900137	76241
37	80.17433442728013	76243
38	80.20945292557558	76240
39	80.21420370779839	76247
40	80.25127602671287	76246
41	80.2925665890725	76249
42	80.28089667085764	76250
43	80.28284061528468	76250
44	80.27142253905639	76251
45	80.29477569865769	76257
46	80.27708101146273	76254
47	80.2889368207603	76258
48	80.25159443345035	76258
49	80.30399919280282	76258
50	80.29355396780556	76258
51	80.32909379534024	76256
52	80.29402021864051	76259
53	80.29015830976456	76260
54	80.27850399757466	76263
55	80.29807020600624	76258
56	80.26843581757244	76259
57	80.2445050366944	76261
58	80.2227230279934	76266
59	80.20415042573542	76269
60	80.17651229817882	76279
61	80.17574198983003	76277
62	80.17186982971059	76277
63	80.15717462001787	76275
64	80.22981866977892	76275
65	80.23647833928374	76275
66	80.1956803481736	76269
67	80.15172428745545	76271
68	80.17356197872196	76267
69	80.09987132513812	76272
70	80.10057614206428	76267
71	80.08384040366737	76269
72	80.11603511599901	76274
73	80.15382623370698	76273
74	80.19255886386678	76273
75	80.187409869461	76270
76	80.12247586394369	76267
77	80.1749565171615	76270
78	80.16909267862522	76278
79	80.20813634433053	76277
80	80.1951448212901	76281
81	80.23244203229795	76283
82	80.25124109866186	76284
83	80.23951119364642	76285
84	80.26727030002972	76290
85	80.27093112072484	76294
86	80.27202861668553	76295
87	80.27239396502317	76299
88	80.30330641562067	76296
89	80.34346877745287	76296
90	80.34517640637291	76290
91	80.3623825892435	76298
92	80.3523792012644	76301
93	80.35954629649686	76300
94	80.38051625180387	76301
95	80.44221398732616	76300
96	80.43995000638901	76302
97	80.43080677956652	76305
98	80.4724638339461	76307
99	80.46621762065007	76307
100	80.48787744447489	76307
101	80.4714004470927	76307
102	80.45197465065785	76303
103	80.46515590810094	76300
104	80.57505844636975	76298
105	80.57208250528348	76303
106	80.5354697671228	76301
107	80.5671190982074	76298
108	80.58402958543711	76297
109	80.6346024609554	76298
110	80.64062363023703	76303
111	80.60823558624489	76299
112	80.66564036434838	76304
113	80.69166845940575	76306
114	80.73913556067833	76311
115	80.75731184864944	76308
116	80.81300257228047	76305
117	80.8645996167407	76308
118	80.92208975916871	76310
119	80.86422791573823	76310
120	80.88077796102496	76308
121	80.9471904015234	76313
122	81.00143350919437	76316
123	81.0340341778834	76316
124	81.04300161274115	76326
125	81.08976322738286	76330
126	81.01960573733449	76332
127	81.04178637948675	76329
128	81.04955507313502	76323
129	81.04066604997317	76328
130	81.05522243681439	76326
131	81.09173948370947	76330
132	81.11334035088801	76335
133	81.07329060210046	76337
134	81.0748331325942	76339
135	81.05847463558203	76341
136	81.09072219735727	76344
137	81.10995291631725	76349
138	81.10639233009522	76353
139	81.1336803336067	76351
140	81.15734201807133	76352
141	81.20427701199439	76352
142	81.18603716611948	76355
143	81.2311853524824	76349
144	81.20960881896076	76355
145	81.17335793117344	76356
146	81.17877389567741	76352
147	81.15786802614457	76353
148	81.18473783805983	76353
149	81.17077427748487	76352
150	81.18881162817566	76355
151	81.13492106588834	76351
152	81.12200791932578	76345
153	81.10300454529127	76342
154	81.10442582580622	76347
155	81.08327852447499	76355
156	81.08043751582639	76359
157	81.08445144945722	76360
158	81.07805369919384	76357
159	81.09229300414334	76353
160	81.07630043832586	76360
161	81.0624452047262	76362
162	81.06099742122186	76366
163	81.06616490848091	76364
164	81.06139560337276	76364
165	81.07308602952112	76360
166	81.06744344279575	76355
167	81.01362481851763	76353
168	81.00042987256516	76352
169	81.01982450570016	76350
170	81.06451854268661	76358
171	81.10692979953724	76360
172	81.06367368818754	76361
173	81.0755436826331	76359
174	81.10992445458847	76359
175	81.0806821699264	76357
176	81.05555486888257	76357
177	81.08459566103518	76361
178	81.1151748074065	76364
179	81.14306581472792	76361
180	81.17863007099997	76361
181	81.13840742105268	76364
182	81.11716501625087	76363
183	81.12053535725643	76369
184	81.09562716759291	76366
185	81.0743356448691	76369
186	81.12200374758443	76372
187	81.13186548556965	76375
188	81.12998756286557	76375
189	81.14740982224126	76379
190	81.11821880512079	76377
191	81.11495481299144	76376
192	81.0736624708873	76380
193	81.07168145277649	76379
194	81.01534934347949	76377
195	81.02699043263124	76376
196	81.00384753668726	76374
197	80.9826147132344	76374
198	81.03082318941969	76375
199	80.97648387327162	76379
200	81.00473212686536	76377
201	80.96887380695057	76380
202	80.97418808030663	76377
203	80.97140611413876	76372
204	80.99485891514675	76373
205	81.01273607915978	76374
206	80.99959552111685	76374
207	81.02687686197015	76375
208	81.02384888051924	76372
209	81.02842786204735	76369
210	81.04301874258381	76364
211	81.02837411574637	76366
212	80.99996846697731	76368
213	80.9459515727549	76363
214	80.89782267137382	76370
215	80.85683308666574	76372
216	80.82518212625043	76371
217	80.823134039074	76372
218	80.7712324467233	76373
219	80.81255704504817	76375
220	80.8046058676293	76374
221	80.81958120046036	76373
222	80.82261537446186	76366
223	80.79676959002914	76370
224	80.77622032708493	76365
225	80.69803745360159	76365
226	80.75058835097477	76368
227	80.73109083211683	76362
228	80.75736777501918	76363
229	80.72083271062567	76364
230	80.67515264981549	76368
231	80.73515284177905	76371
232	80.76547918059792	76375
233	80.7813071095996	76377
234	80.80540749235124	76379
235	80.8603323269016	76381
236	80.85896436639075	76385
237	80.83970825301466	76379
238	80.83429346697457	76386
239	80.81833350790474	76382
240	80.85844295693964	76383
241	80.86155446941126	76381
242	80.8705109388228	76387
243	80.82602650788647	76389
244	80.85966166893003	76390
245	80.8725849160214	76384
246	80.85876721082636	76378
247	80.90619323578473	76377
248	80.96535444580353	76378
249	80.93892627368821	76378
250	80.92290826876648	76377
251	80.96946850149494	76382
252	80.94397485636459	76381
253	80.94859154792302	76379
254	80.9929278695238	76377
255	81.05044371763816	76374
256	81.07981548285291	76373
257	81.14522742479117	76371
258	81.13730035270615	76367
259	81.16508409487281	76362
260	81.18158183193182	76360
261	81.25766321190505	76361
262	81.29471201272744	76365
263	81.31127062624405	76364
264	81.31516022112885	76360
265	81.3564492862968	76361
266	81.36705962106072	76367
267	81.39532572701798	76368
268	81.43618475057511	76370
269	81.40709405491532	76364
270	81.42337885297597	76369
271	81.4291389618995	76373
272	81.4748569720751	76376
273	81.48377433965	76378
274	81.53561163489604	76377
275	81.58773558301067	76378
276	81.59047724144023	76379
277	81.59935582147803	76380
278	81.64144560746318	76383
279	81.66901474045915	76383
280	81.68260569715287	76383
281	81.67845829410484	76389
282	81.658039882877	76386
283	81.66845879563897	76384
284	81.67399485321361	76379
285	81.75162605796042	76374
286	81.72188601801393	76370
287	81.71983090727721	76365
288	81.76004422959484	76362
289	81.7718907683672	76359
290	81.75065517919707	76359
291	81.71880938254161	76364
292	81.72765953753327	76360
293	81.71953416763286	76356
294	81.75223080140461	76360
295	81.72772264637288	76358
296	81.73317853311258	76356
297	81.73070504504192	76352
298	81.80540336582844	76352
299	81.8412877265184	76353
300	81.79909361534388	76355
301	81.83403374776373	76357
302	81.83802545184402	76355
303	81.83658813569905	76353
304	81.7998814767709	76353
305	81.7874287239366	76346
306	81.75392243541864	76352
307	81.81203411339077	76353
308	81.85882560460546	76356
309	81.80203250604445	76349
310	81.79656651967687	76351
311	81.77851892150662	76349
312	81.74693885173613	76347
313	81.69056611618105	76351
314	81.66574530879645	76349
315	81.60366913018319	76348
316	81.54104146299434	76350
317	81.55701698751979	76348
318	81.51629151023549	76351
319	81.51102192589116	76348
320	81.49861437010323	76346
321	81.50402001075973	76346
322	81.46535258468705	76339
323	81.43613576722558	76337
324	81.38188158882878	76337
325	81.35653728300218	76334
326	81.362890382172	76328
327	81.34715191451457	76325
328	81.39619787882093	76325
329	81.42699730868894	76325
330	81.3623357761711	76331
331	81.3390901556507	76328
332	81.26661590860223	76330
333	81.27128838022855	76334
334	81.25664573058847	76338
335	81.21359308640916	76340
336	81.27654006189294	76344
337	81.28787560544703	76343
338	81.29946137736752	76338
339	81.27142381999849	76337
340	81.29527451348477	76337
341	81.28313938620587	76332
342	81.2450153743261	76330
343	81.24600942544828	76332
344	81.23455675967308	76335
345	81.2645375262944	76335
346	81.19536281782062	76338
347	81.14049021493942	76340
348	81.13383126715588	76339
349	81.1281584789177	76334
350	81.1523855765502	76334
351	81.06654102311217	76336
352	81.06490157609576	76332
353	81.09472262485842	76332
354	81.07907008666733	76331
355	81.02704947822482	76334
356	81.0239668670611	76339
357	80.9953978494045	76341
358	80.96737898177383	76343
359	80.97948745059367	76342
360	80.91328262337697	76335
361	80.92974348779784	76340
362	80.91056498526659	76339
363	80.88802740323203	76338
364	80.85284020724858	76336
365	80.8083996300597	76335
366	80.78011973194543	76334
367	80.77058866023559	76330
368	80.72061939678804	76330
369	80.70747342111227	76331
370	80.7537754095612	76331
371	80.73105628698035	76330
372	80.72640883559596	76320
373	80.75190524855903	76321
374	80.68495353709447	76316
375	80.66993091697682	76319
376	80.65479685906567	76314
377	80.63164029161368	76317
378	80.6439687543175	76316
379	80.66788263343572	76314
380	80.63523964134068	76319
381	80.65152018638963	76317
382	80.61471665813382	76312
383	80.61072928357008	76313
384	80.6325168592273	76317
385	80.5879832115943	76314
386	80.52181869587739	76313
387	80.53027112615271	76317
388	80.50464495716258	76311
389	80.51800886103905	76309
390	80.49757179960004	76309
391	80.47894078594047	76312
392	80.5158112503088	76310
393	80.54391131181762	76308
394	80.53352829374712	76305
395	80.50247110710546	76306
396	80.5488260518191	76308
397	80.54972690137458	76314
398	80.57707586652649	76314
399	80.64607432908186	76320
400	80.62927181597826	76322
401	80.58846341080796	76319
402	80.64584741916893	76316
403	80.6933028431832	76318
404	80.76561719584004	76320
405	80.79259995938546	76317
406	80.79414893862035	76319
407	80.78659404202165	76319
408	80.85427844425482	76317
409	80.84137012195899	76314
410	80.85130412282106	76311
411	80.96966304684832	76308
412	81.04936969466769	76311
413	81.10810017880749	76310
414	81.09044102281263	76310
415	81.0684428310279	76311
416	81.10440686217088	76309
417	81.14820687318564	76308
418	81.17241459654039	76303
419	81.22169881804412	76302
420	81.26624024151938	76302
421	81.31626201594565	76301
422	81.33332592329413	76299
423	81.36349443717646	76299
424	81.36952946855446	76293
425	81.40031311231661	76291
426	81.41333120407677	76290
427	81.47753978551931	76285
428	81.47530907034069	76281
429	81.50747667283912	76283
430	81.51468079975153	76278
431	81.5644989358734	76280
432	81.57836278387764	76282
433	81.58578405679367	76283
434	81.63112955533127	76278
435	81.61428072150866	76278
436	81.67392852482776	76280
437	81.70377832505974	76280
438	81.84284794787457	76279
439	81.87054720789446	76279
440	81.94543966568398	76274
441	82.00617975755104	76267
442	82.01160548317779	76266
443	82.0118377011864	76267
444	82.04489735693275	76260
445	82.10966071384983	76262
446	82.08799969601253	76260
447	82.15691031748611	76258
448	82.15411001524227	76261
449	82.17719062019886	76259
450	82.16741886434164	76255
451	82.23019183228878	76253
452	82.20294029077674	76252
453	82.27884877861428	76253
454	82.3381199195409	76255
455	82.36976331872215	76261
456	82.39069099537042	76260
457	82.3652200468093	76260
458	82.36210820911488	76253
459	82.38296516696673	76257
460	82.45043692917567	76253
461	82.42687791565993	76249
462	82.52489032664899	76248
463	82.59105120170108	76248
464	82.59286152453373	76245
465	82.68436392247666	76251
466	82.67509253092308	76251
467	82.68320932144745	76253
468	82.72242951531005	76256
469	82.78637111408035	76257
470	82.77930070465918	76257
471	82.84536858160216	76252
472	82.823517961652	76244
473	82.81842867018754	76242
474	82.8972721634198	76243
475	82.8960182318512	76238
476	82.88541208305088	76239
477	82.91645098021195	76240
478	82.8967301687361	76240
479	82.88180960294468	76239
480	82.87964540719652	76245
481	82.82936283439439	76246
482	82.77551034143059	76248
483	82.79389408893742	76245
484	82.80019415930742	76243
485	82.78293999798142	76246
486	82.7693975080052	76244
487	82.73255649113923	76243
488	82.76909119198403	76244
489	82.74648244387217	76246
490	82.72483107200006	76245
491	82.60970078010585	76243
492	82.61688710237293	76242
493	82.60082164012967	76235
494	82.56810494877413	76230
495	82.54230261415917	76226
496	82.5016960623357	76223
497	82.53632527925794	76223
498	82.51761591317664	76227
499	82.49871311558086	76224
500	82.45049211799721	76227
501	82.45066323687425	76228
502	82.43718377000229	76224
503	82.41466683224859	76229
504	82.31468652600127	76229
505	82.25828476628746	76228
506	82.23626269826764	76223
507	82.21399675030673	76223
508	82.20905038090102	76221
509	82.1875769507568	76220
510	82.17372393948531	76218
511	82.15440021598872	76211
512	82.1447065845465	76213
513	82.079487413643	76214
514	82.0038842170133	76216
515	81.93169715363267	76215
516	81.85063544996697	76218
517	81.87018660450066	76225
518	81.84552814970205	76222
519	81.83000106917329	76219
520	81.8186931087798	76216
521	81.79611775125245	76219
522	81.76908880374785	76222
523	81.72012381561233	76227
524	81.7127578768301	76225
525	81.65053088258799	76227
526	81.59549823095581	76229
527	81.6168562896176	76231
528	81.58495671665347	76238
529	81.58430149081002	76240
530	81.58574747274902	76238
531	81.55038062081691	76247
532	81.52105270315703	76248
533	81.54032864264109	76248
534	81.53686413143177	76248
535	81.53555824337111	76246
536	81.54604561095753	76245
537	81.55564881635553	76244
538	81.5249007206314	76242
539	81.4896387783459	76241
540	81.49616203498532	76242
541	81.47749101295794	76239
542	81.56719227246603	76237
543	81.57912728610314	76237
544	81.59709666091634	76238
545	81.56703548831146	76235
546	81.57824427461033	76238
547	81.58087875577414	76240
548	81.5697930883683	76242
549	81.54758431260771	76237
550	81.56867509047684	76237
551	81.59534705230224	76238
552	81.56428342170844	76240
553	81.53574609018762	76238
554	81.50364923890027	76235
555	81.51958617161507	76241
556	81.57194909584142	76240
557	81.53902984170068	76241
558	81.55095597165105	76241
559	81.60827674497823	76244
560	81.63633420193767	76244
561	81.63162633813089	76241
562	81.62046100004348	76239
563	81.57998844237183	76231
564	81.53636526856832	76230
565	81.59175103701742	76229
566	81.60217615391169	76219
567	81.6267259145276	76213
568	81.65168443201746	76214
569	81.65401755385805	76214
570	81.71807053069082	76213
571	81.72685745657327	76220
572	81.69147847914	76218
573	81.67009273815731	76214
574	81.72619024525785	76213
575	81.7475120340397	76210
576	81.77506861123341	76210
577	81.75723338306258	76208
578	81.81365919771449	76207
579	81.86107781767824	76202
580	81.84721634852659	76203
581	81.8497018402942	76200
582	81.84931192305514	76198
583	81.89220699489583	76199
584	81.91639099627837	76199
585	81.92785152073166	76198
586	81.93550018938883	76196
587	81.94949137980623	76195
588	81.96571402781149	76196
589	81.96642468627277	76203
590	81.9574879307925	76200
591	81.96173101682739	76202
592	81.99355745721206	76202
593	82.06894147655969	76199
594	82.04699275089573	76202
595	82.09514295669499	76203
596	82.12510201989721	76206
597	82.13719275011128	76205
598	82.17179972481748	76202
599	82.211765963636	76202
600	82.27576799928475	76200
601	82.26587647354215	76197
602	82.31404594237297	76194
603	82.36778270532724	76192
604	82.42997260781324	76189
605	82.44118868109976	76189
606	82.50195741864032	76193
607	82.55129081763101	76202
608	82.58988191042428	76204
609	82.70014436743415	76210
610	82.70223024104577	76211
611	82.72554915151547	76213
612	82.81029154957054	76217
613	82.86084064864737	76214
614	82.9202392641706	76214
615	82.96823447547682	76219
616	83.0182536814346	76216
617	83.07060995112023	76213
618	83.12565411125651	76210
619	83.1013089023219	76209
620	83.1781893407152	76215
621	83.25442057000924	76211
622	83.29210697337636	76213
623	83.36294725093585	76209
624	83.41927922792392	76211
625	83.44577839724971	76210
626	83.48748968145048	76219
627	83.52682913897439	76222
628	83.53731683127768	76222
629	83.54672011117201	76220
630	83.61672001676432	76224
631	83.65621801078318	76224
632	83.65154917531845	76222
633	83.64108185608701	76227
634	83.67267317083397	76227
635	83.69532022905146	76233
636	83.74792253506705	76233
637	83.76504960438348	76237
638	83.74040938211282	76240
639	83.79885280658843	76238
640	83.76881312021442	76235
641	83.76622925598951	76235
642	83.69367281414777	76229
643	83.7140964860765	76233
644	83.73179595045193	76229
645	83.67594981748326	76235
646	83.65718982638332	76231
647	83.62580208950278	76232
648	83.63611091330425	76236
649	83.66510170231682	76236
650	83.67432241300502	76236
651	83.68530398161198	76238
652	83.69321549625003	76236
653	83.68420111922227	76235
654	83.61371550978564	76234
655	83.68900269391489	76241
656	83.65355902285036	76242
657	83.62688097569888	76235
658	83.66431547785126	76235
659	83.61178775308609	76232
660	83.60693732264787	76235
661	83.59034467330616	76236
662	83.55556455386798	76232
663	83.51296002315752	76235
664	83.49486475803724	76225
665	83.44571969604841	76227
666	83.41716105496806	76227
667	83.3439323025547	76228
668	83.27119805161207	76226
669	83.1698575572256	76227
670	83.12665572472899	76231
671	83.06045502695665	76230
672	83.04262242735447	76235
673	82.98970949690714	76228
674	83.00744783220172	76231
675	83.01141674848934	76232
676	83.01932784260538	76231
677	82.98038479750423	76229
678	82.8996645535131	76227
679	82.85557058940752	76222
680	82.78472499354282	76222
681	82.72810408550475	76220
682	82.65781262667647	76214
683	82.61401559505163	76217
684	82.54670574542723	76213
685	82.56649662746638	76215
686	82.49818178191812	76211
687	82.46948323078672	76211
688	82.42637749547397	76217
689	82.3598691770012	76213
690	82.2628322515643	76217
691	82.16848300251297	76216
692	82.14902972734646	76211
693	82.0752827545519	76207
694	82.06540859053516	76210
695	82.00880226431993	76205
696	81.98963846450283	76201
697	81.96055347762454	76199
698	81.95231772915332	76198
699	81.84489040757278	76202
700	81.76191643596468	76208
701	81.69189694807899	76203
702	81.65189284657991	76198
703	81.6026943962252	76197
704	81.54365183569897	76198
705	81.51848433787511	76196
706	81.50577300679367	76197
707	81.46193285376704	76187
708	81.41783032059928	76186
709	81.35979501034132	76188
710	81.26231064412266	76192
711	81.27007216921912	76195
712	81.23402904550007	76193
713	81.21980797264226	76193
714	81.20955388061749	76194
715	81.17322534841092	76194
716	81.12028509699637	76191
717	81.12316299771201	76195
718	81.06870681171799	76193
719	81.03901552007714	76194
720	81.03228280799422	76197
721	81.04272414158785	76202
722	80.96782406445853	76203
723	80.88405852860808	76200
724	80.83254627883116	76203
725	80.77653255801857	76201
726	80.73937374216372	76202
727	80.71645694717243	76204
728	80.72684601954768	76201
729	80.77194219266501	76196
730	80.80433670290537	76194
731	80.77394055791736	76199
732	80.7105207544062	76201
733	80.67930690222481	76203
734	80.64860440579889	76202
735	80.62929565712999	76202
736	80.62975118733176	76206
737	80.64216384037412	76205
738	80.68326021687434	76206
739	80.70760023619843	76208
740	80.68129832754735	76208
741	80.72981119850988	76210
742	80.70357552965723	76209
743	80.72535347978534	76209
744	80.66915115287298	76208
745	80.7208460133389	76203
746	80.80439182725013	76197
747	80.82597230303027	76198
748	80.8964537023752	76194
749	80.92902798810738	76195
750	80.96735056687942	76191
751	80.97426610691639	76191
752	81.0068844831663	76190
753	81.02343538428995	76187
754	81.07469388766864	76187
755	81.22897291303033	76184
756	81.22835947324052	76179
757	81.28022698434486	76181
758	81.35149739618731	76181
759	81.35440824656148	76176
760	81.35839068821933	76185
761	81.40795869069584	76187
762	81.52611405303561	76191
763	81.56940399720662	76185
764	81.67629971553806	76183
765	81.68673034467785	76179
766	81.74120631494236	76175
767	81.86829882837336	76177
768	81.95470498522498	76177
769	82.02507525844432	76179
770	82.13606788897228	76181
771	82.24782986115517	76181
772	82.33359838173759	76185
773	82.41325005180587	76184
774	82.50197641738835	76178
775	82.6364729327167	76177
776	82.83836836611485	76181
777	82.9563900408903	76178
778	83.05224943503936	76175
779	83.2001956960826	76177
780	83.26910181520681	76178
781	83.33779165702636	76178
782	83.47808642795094	76178
783	83.60823376088628	76182
784	83.75424174601652	76179
785	83.91873730429096	76184
786	84.02916955910568	76183
787	84.0701502950745	76182
788	84.1514165109085	76178
789	84.24008336028714	76174
790	84.33598441507141	76164
791	84.45057452221579	76166
792	84.60199116035928	76163
793	84.65690230245634	76161
794	84.7062696436053	76165
795	84.85057746205274	76172
796	84.96226053855823	76178
797	85.05619226373882	76186
798	85.13693434366448	76187
799	85.28932055516908	76181
800	85.42129239494943	76183
801	85.61152451384645	76190
802	85.7029036533391	76187
803	85.81534657169327	76182
804	85.96104262501903	76180
805	86.0981462648743	76182
806	86.18769270815795	76177
807	86.31359346973915	76174
808	86.46633062268738	76176
809	86.6237307251153	76172
810	86.73244480727756	76173
811	86.82528371177843	76171
812	87.01156791249363	76172
813	87.11482589330697	76179
814	87.2227916924581	76180
815	87.4381760589107	76180
816	87.56631960511585	76176
817	87.76021591111201	76169
818	87.86501953680002	76173
819	87.98211488216234	76170
820	88.1101401333247	76169
821	88.22821110468614	76167
822	88.28896840845306	76171
823	88.397470116533	76168
824	88.52408731254793	76169
825	88.64539490283128	76163
826	88.8236554734017	76166
827	88.91391574693667	76173
828	89.05871556141274	76176
829	89.24264833524937	76176
830	89.3842595650444	76175
831	89.39629743233586	76173
832	89.50230247173177	76173
833	89.60919818200927	76170
834	89.68828275849081	76167
835	89.81761665582263	76174
836	89.87071147099843	76174
837	89.98857232301316	76174
838	90.11667664449567	76172
839	90.20625607251512	76176
840	90.27729092473156	76174
841	90.38738105926994	76174
842	90.48187514833762	76171
843	90.54387749048085	76172
844	90.66694095783642	76173
845	90.70813379160914	76181
846	90.81510019272315	76182
847	90.88281632813514	76183
848	90.92614228998228	76185
849	90.95691677661036	76186
850	91.01399094899303	76184
851	91.05693822884868	76183
852	91.09865043441285	76184
853	91.15556422383567	76182
854	91.1716853016297	76188
855	91.21408867918996	76187
856	91.22015044820076	76185
857	91.22799746137396	76188
858	91.24036762565763	76185
859	91.20635251539429	76181
860	91.20734323795517	76180
861	91.18096907192228	76179
862	91.14112864469762	76178
863	91.10278355339854	76174
864	91.07762075983173	76175
865	91.0370813429444	76178
866	90.98970483220079	76183
867	90.9607540182566	76179
868	90.87061003863407	76178
869	90.84780025553583	76175
870	90.83295554177394	76178
871	90.7633984772442	76182
872	90.68772939705703	76180
873	90.5989436359194	76183
874	90.5789158888555	76186
875	90.46942178480369	76192
876	90.37686059091342	76194
877	90.33763292202029	76196
878	90.20989943169812	76198
879	90.13085581265145	76198
880	90.06746739158623	76193
881	89.9702320759569	76183
882	89.87821777897531	76181
883	89.80012325341018	76175
884	89.69105977260784	76176
885	89.5804057791889	76176
886	89.49195834976801	76179
887	89.36339778626208	76187
888	89.26584750915585	76187
889	89.18552899745501	76188
890	89.0536033684045	76184
891	88.92209173160165	76187
892	88.77270255900231	76183
893	88.60726822519351	76184
894	88.46379359995285	76185
895	88.28332800125457	76189
896	88.12009501683147	76186
897	88.00136180408612	76184
898	87.86371406110699	76186
899	87.68509455358557	76187
900	87.53086271208564	76191
901	87.35328430251624	76193
902	87.18272724835698	76190
903	86.96672822617847	76191
904	86.83946041732648	76195
905	86.68244095479591	76197
906	86.51392673886997	76203
907	86.38374195002575	76204
908	86.20643244702539	76210
909	86.01075923294529	76209
910	85.82193638778288	76217
911	85.64465152297576	76217
912	85.42286367061584	76220
913	85.33710892714745	76217
914	85.2000352010342	76214
915	85.0801870574509	76217
916	84.91277716949557	76217
917	84.7709280564007	76217
918	84.6192650665385	76219
919	84.43798880026627	76222
920	84.24713459986084	76224
921	84.07571945908852	76226
922	83.8826428209841	76223
923	83.71702951813391	76224
924	83.57067348533755	76231
925	83.38726783961941	76229
926	83.25466518268081	76230
927	83.08221305415803	76231
928	82.89290765345484	76236
929	82.77103346559767	76233
930	82.64141378534441	76226
931	82.48140836375578	76224
932	82.28333090908089	76225
933	82.14661765836864	76225
934	81.96567199303252	76228
935	81.76918387411544	76230
936	81.5932538495723	76233
937	81.42258757262222	76240
938	81.2858126357002	76244
939	81.14370435675411	76245
940	81.02844350459284	76244
941	80.88767590017237	76244
942	80.76193543345629	76245
943	80.6067119028234	76249
944	80.40333673560119	76250
945	80.31214299683703	76254
946	80.19704991987658	76246
947	80.10581386493001	76245
948	79.95522551345204	76247
949	79.85279941573037	76247
950	79.7058430187369	76243
951	79.59445477080982	76248
952	79.49715062825399	76243
953	79.40347768542594	76242
954	79.31751713783066	76247
955	79.21182159279628	76252
956	79.13916190871377	76254
957	79.02580069785654	76251
958	78.93384573274089	76248
959	78.82790339733887	76249
960	78.8149550447849	76250
961	78.7648325775917	76245
962	78.72804926678909	76240
963	78.6325071394749	76241
964	78.5077478146714	76247
965	78.4319294209454	76245
966	78.30031207948757	76243
967	78.2699878593617	76238
968	78.17283853464875	76233
969	78.15167433858774	76232
970	78.0902225655909	76235
971	78.05681675456333	76241
972	77.98127876986717	76242
973	77.871234881173	76242
974	77.77902797165589	76246
975	77.6608206168844	76244
976	77.6321169270228	76248
977	77.6287016876104	76252
978	77.59483766932723	76255
979	77.60359238833526	76255
980	77.57315977316085	76262
981	77.58848875176709	76264
982	77.55016745575658	76267
983	77.55278968810154	76271
984	77.56999885657956	76265
985	77.53501450349408	76268
986	77.57722334194425	76269
987	77.57787691399523	76267
988	77.60595951272074	76271
989	77.6107774753981	76274
990	77.61586265815848	76272
991	77.63172630519865	76270
992	77.61547339564888	76273
993	77.6877464015051	76269
994	77.68244681364871	76267
995	77.72617025061203	76267
996	77.71764879605927	76267
997	77.70555111797891	76263
998	77.74607199275701	76262
999	77.77714276219285	76262
1000	77.82449134340295	76265
1001	77.90729319633904	76261
1002	77.98591186373866	76263
1003	78.04359747686505	76262
1004	78.06608578767002	76262
1005	78.11519842543387	76265
1006	78.20593205418724	76258
1007	78.2933820994856	76257
1008	78.3725095997605	76255
1009	78.45074637330114	76248
1010	78.5459661181901	76258
1011	78.62906947311919	76254
1012	78.67657064143833	76256
1013	78.7582565345517	76262
1014	78.74286462324267	76267
1015	78.78798016237286	76261
1016	78.85936644713934	76258
1017	78.94427841280367	76253
1018	79.04666407660069	76254
1019	79.15870836433042	76250
1020	79.21138787254142	76253
1021	79.24532182500803	76253
1022	79.34414778700327	76257
1023	79.36097846605853	76257
1024	79.40090575801631	76255
1025	79.44598959064477	76243
1026	79.53548930282359	76247
1027	79.61129772354717	76247
1028	79.69287099533328	76244
1029	79.79289095700227	76242
1030	79.89155030639094	76245
1031	80.01876292084052	76242
1032	80.15437964784265	76238
1033	80.22935171705775	76241
1034	80.25187067010064	76237
1035	80.35898848531215	76236
1036	80.41284096721085	76233
1037	80.48468599720647	76229
1038	80.55107837072936	76225
1039	80.70410943084717	76233
1040	80.81206635029017	76223
1041	80.92606162364446	76214
1042	81.02227539119784	76216
1043	81.05758744022415	76216
1044	81.19079076924734	76215
1045	81.26593569042855	76212
1046	81.26981764877503	76211
1047	81.29213041648205	76211
1048	81.41913945184282	76214
1049	81.54930119608868	76215
1050	81.66302636169219	76215
1051	81.72065153665356	76214
1052	81.77977284028555	76217
1053	81.87226996563544	76218
1054	81.90953995783116	76219
1055	81.93469039901983	76218
1056	81.96785555702505	76220
1057	81.97992875351335	76215
1058	82.0564188983728	76217
1059	82.11806877554709	76219
1060	82.1841695175185	76217
1061	82.17032174243857	76208
1062	82.19792507953062	76215
1063	82.2597725836391	76213
1064	82.28089207224437	76216
1065	82.266250118325	76212
1066	82.24126557295	76210
1067	82.24775912596373	76216
1068	82.29120010146659	76214
1069	82.36752023127933	76212
1070	82.35353391357827	76212
1071	82.38875311269256	76213
1072	82.45142661533264	76209
1073	82.46389864477882	76211
1074	82.4791793993117	76222
1075	82.48757527323941	76216
1076	82.50683223367025	76220
1077	82.51395108294794	76223
1078	82.55679952062636	76229
1079	82.56438602969662	76228
1080	82.5143647940335	76232
1081	82.519457534223	76234
1082	82.52591939417219	76236
1083	82.51203318239675	76228
1084	82.52564725049805	76230
1085	82.48725950089732	76231
1086	82.45183237751641	76230
1087	82.40209207604018	76230
1088	82.36181733337604	76230
1089	82.35758488351834	76231
1090	82.26490442894327	76228
1091	82.21710034928586	76226
1092	82.20153222825317	76234
1093	82.12613353206174	76233
1094	82.08580319443287	76232
1095	81.9948634413512	76230
1096	81.99167786075327	76227
1097	81.9515892603776	76231
1098	81.93889286147653	76238
1099	81.81572142642636	76241
1100	81.76016541892979	76243
1101	81.7352118693404	76241
1102	81.68493593482097	76247
1103	81.63737957512127	76248
1104	81.55963638058363	76248
1105	81.5207046344601	76245
1106	81.46342781919995	76241
1107	81.37578868254714	76242
1108	81.30541888852527	76242
1109	81.20824102069872	76241
1110	81.1615086237041	76239
1111	81.10535330567052	76238
1112	81.0565897257525	76242
1113	81.00047268558662	76238
1114	80.99441682818028	76240
1115	80.9019078062053	76238
1116	80.84150363241984	76234
1117	80.77373316140886	76239
1118	80.68834610706875	76242
1119	80.64458105132066	76237
1120	80.61682325073039	76236
1121	80.61210345348837	76235
1122	80.5780581399198	76239
1123	80.56300644639411	76242
1124	80.46389166440103	76246
1125	80.38865081307446	76244
1126	80.37978515755513	76244
1127	80.23866080217293	76238
1128	80.17542235534499	76239
1129	80.08848924809303	76239
1130	80.0515113463543	76236
1131	80.01544331142871	76243
1132	79.95851406261421	76244
1133	79.8988019053765	76248
1134	79.84947133090418	76256
1135	79.81554104876636	76258
1136	79.73350899899908	76258
1137	79.73697320021577	76255
1138	79.7509369919681	76257
1139	79.73256982999149	76262
1140	79.69622487449475	76256
1141	79.6491212891153	76255
1142	79.52441663690698	76257
1143	79.56280718105981	76260
1144	79.54073261490383	76264
1145	79.52921555480903	76269
1146	79.51553695881796	76273
1147	79.47675353088245	76271
1148	79.45850567142604	76268
1149	79.43435004433077	76264
1150	79.39398385774264	76267
1151	79.35089361781392	76268
1152	79.34209198813204	76264
1153	79.29933958703332	76270
1154	79.2818528634545	76274
1155	79.2676969462232	76275
1156	79.20725863181354	76269
1157	79.22555455900884	76264
1158	79.2399678683603	76261
1159	79.2293044760737	76262
1160	79.23650637855089	76270
1161	79.21009519962851	76268
1162	79.1712495862461	76273
1163	79.16925228039185	76275
1164	79.21414186130764	76279
1165	79.16519585458438	76282
1166	79.18236751734132	76286
1167	79.19697458330799	76288
1168	79.19188181844925	76291
1169	79.15289103953889	76288
1170	79.1319064196605	76290
1171	79.1420307481293	76287
1172	79.10500292588978	76289
1173	79.10587761510111	76291
1174	79.09648178420528	76293
1175	79.16565078908367	76287
1176	79.20948755600736	76286
1177	79.22156008159904	76289
1178	79.23738524634003	76291
1179	79.21577736655834	76293
1180	79.18748679362363	76290
1181	79.20082823659571	76285
1182	79.2003738328685	76281
1183	79.21979193078624	76280
1184	79.23447864242327	76281
1185	79.27576806676066	76275
1186	79.27796845155706	76276
1187	79.33254802498492	76276
1188	79.34472241527861	76279
1189	79.35189818270018	76281
1190	79.42610777598688	76282
1191	79.48208874241091	76284
1192	79.49791304313398	76278
1193	79.52652071594524	76279
1194	79.57622309180385	76284
1195	79.57818757141264	76283
1196	79.65271472136783	76285
1197	79.69190705599075	76283
1198	79.72747922049315	76282
1199	79.89336241129823	76283
1200	79.96106838036494	76282
1201	80.07262639925149	76287
1202	80.08691961083063	76283
1203	80.20576224596071	76283
1204	80.21594198200788	76280
1205	80.23826523382625	76283
1206	80.27962202194136	76286
1207	80.28744759400867	76281
1208	80.37530789262112	76285
1209	80.42039533549757	76289
1210	80.51225091521498	76288
1211	80.56170905571851	76287
1212	80.6376064275392	76282
1213	80.69967022429203	76280
1214	80.71573441832231	76285
1215	80.75121903774229	76290
1216	80.77071828078003	76287
1217	80.86599405024293	76289
1218	80.93397830201171	76296
1219	81.04796234643132	76295
1220	81.10580394237623	76290
1221	81.1805659529096	76287
1222	81.22015231846252	76282
1223	81.24716410281964	76286
1224	81.29113547533167	76290
1225	81.31644492939806	76290
1226	81.41707552626586	76290
1227	81.47111521542224	76289
1228	81.50153675183982	76295
1229	81.56311905273205	76290
1230	81.57767536015575	76287
1231	81.57465144267431	76290
1232	81.62690889683661	76296
1233	81.64939230814404	76296
1234	81.69528023187527	76293
1235	81.73774476247935	76288
1236	81.78019553115838	76286
1237	81.80238934245702	76293
1238	81.79514621835862	76296
1239	81.82114967387959	76295
1240	81.777519754211	76292
1241	81.84084158763005	76290
1242	81.83572688296205	76290
1243	81.87582760798507	76289
1244	81.85800733710221	76288
1245	81.87393108294323	76287
1246	81.8796532017369	76290
1247	81.8868035971912	76291
1248	81.90035870560594	76290
1249	81.82188139923501	76283
1250	81.83505732294248	76283
1251	81.81975249562261	76286
1252	81.83169952059829	76288
1253	81.76046814051311	76289
1254	81.77190631055784	76290
1255	81.78741147596955	76294
1256	81.73357687221467	76302
1257	81.66708917914528	76298
1258	81.64469547092712	76303
1259	81.6509717838555	76309
1260	81.60141524846188	76312
1261	81.59070427602383	76311
1262	81.54873839009302	76306
1263	81.56643092897406	76301
1264	81.58383201896194	76302
1265	81.51501219278414	76299
1266	81.42660181571752	76297
1267	81.44508096044194	76296
1268	81.3567329779142	76302
1269	81.28775113758093	76303
1270	81.21351289249338	76300
1271	81.13503028431327	76302
1272	81.1159874508348	76302
1273	81.05433350240637	76299
1274	81.0157728882849	76298
1275	80.94087785432083	76299
1276	80.95384738672176	76301
1277	80.91132165078541	76299
1278	80.84456946359512	76294
1279	80.8015578267824	76292
1280	80.67865299088349	76292
1281	80.64241766169927	76293
1282	80.5586469941263	76296
1283	80.52491549417897	76292
1284	80.46692577231164	76292
1285	80.40883531527315	76292
1286	80.38868994081632	76293
1287	80.33947890664021	76294
1288	80.2741224557663	76291
1289	80.21212990408172	76295
1290	80.20096801872228	76293
1291	80.10523021649912	76285
1292	80.07420629797869	76285
1293	80.02784450319123	76284
1294	79.96213878028311	76283
1295	79.87625303974195	76277
1296	79.84069063198065	76274
1297	79.81995308501874	76281
1298	79.77321197958008	76281
1299	79.72457423740006	76279
1300	79.63626389372563	76281
1301	79.59122640011464	76285
1302	79.58190589133102	76280
1303	79.5215018780692	76281
1304	79.50258278431888	76280
1305	79.41513890851618	76280
1306	79.36433038949572	76281
1307	79.30301238766187	76285
1308	79.24500904137143	76285
1309	79.1908221301643	76286
1310	79.14187212347775	76288
1311	79.11440118286573	76292
1312	79.10700695624891	76292
1313	79.09590362908683	76292
1314	79.11935982751392	76294
1315	79.08915041721968	76297
1316	79.08906033075124	76292
1317	79.00186179942277	76292
1318	78.93383484052394	76291
1319	78.92408270515891	76292
1320	78.90538439272068	76289
1321	78.91507521479352	76286
1322	78.92365391350857	76289
1323	78.94577036323476	76292
1324	78.91069256869405	76286
1325	78.92641424019479	76289
1326	78.90056542665464	76291
1327	78.91902738105772	76290
1328	78.8861353299688	76289
1329	78.852829226247	76293
1330	78.86761846047781	76299
1331	78.86924649696499	76303
1332	78.89766694838939	76302
1333	78.90739312294374	76305
1334	78.9247835608066	76307
1335	78.95457137981151	76314
1336	79.00132823850974	76316
1337	78.97512616288385	76313
1338	78.95638288683959	76311
1339	78.99002532228195	76310
1340	78.99646458274654	76314
1341	78.9839565037937	76309
1342	78.97792135309516	76312
1343	79.01719036158862	76317
1344	79.06187928809712	76318
1345	79.09227856128877	76322
1346	79.08761364851753	76322
1347	79.13153019426467	76329
1348	79.16005624657726	76330
1349	79.21328671435984	76331
1350	79.20417362041246	76333
1351	79.2145851076734	76333
1352	79.27589942611706	76332
1353	79.3283963834347	76330
1354	79.40093636153999	76327
1355	79.42913945051983	76327
1356	79.44913327550073	76327
1357	79.4671902808016	76328
1358	79.51818870815445	76325
1359	79.58176505228398	76324
1360	79.60510447284456	76328
1361	79.68094938634486	76329
1362	79.71025758796428	76336
1363	79.74262426777199	76338
1364	79.74600523506481	76336
1365	79.82525367585271	76337
1366	79.89375997441793	76341
1367	79.92479203755647	76336
1368	80.00357975011197	76335
1369	80.01746409029431	76334
1370	80.13044382133239	76335
1371	80.23146445653049	76336
1372	80.27542197808374	76336
1373	80.24905946029723	76335
1374	80.30030734674264	76335
1375	80.34940594681586	76336
1376	80.39337524546471	76330
1377	80.46884409629477	76330
1378	80.50185030786345	76325
1379	80.54726332346641	76325
1380	80.60409823153233	76328
1381	80.66196646846983	76328
1382	80.66749151454937	76328
1383	80.69841454129217	76323
1384	80.72049228775664	76330
1385	80.76857726621579	76331
1386	80.81549000183854	76337
1387	80.86562021671585	76336
1388	80.90105583549943	76339
1389	80.94730662200816	76341
1390	81.0110979752988	76341
1391	81.09076675337094	76340
1392	81.13698332740981	76339
1393	81.15382738706533	76339
1394	81.16628061388715	76341
1395	81.21188982988376	76343
1396	81.26050811051962	76340
1397	81.29370866372967	76338
1398	81.31855588201572	76336
1399	81.37885990974955	76333
1400	81.4559946506979	76333
1401	81.51427260718226	76333
1402	81.53476495587302	76332
1403	81.58609473149973	76331
1404	81.6150626977451	76330
1405	81.58914458676776	76332
1406	81.60979785756672	76331
1407	81.65182963795081	76326
1408	81.69438902016206	76329
1409	81.67997081827767	76329
1410	81.6839782790607	76331
1411	81.70980670898324	76329
1412	81.69542195455664	76332
1413	81.61922536630725	76335
1414	81.57496295676532	76336
1415	81.55437197384549	76333
1416	81.55035131998054	76334
1417	81.5520875370708	76337
1418	81.52383083725371	76337
1419	81.43863559225055	76335
1420	81.47699595419722	76336
1421	81.43255715137465	76340
1422	81.39338551692644	76346
1423	81.35961916098576	76343
1424	81.36499373521065	76340
1425	81.32083180382048	76337
1426	81.33856930313723	76338
1427	81.327789294527	76340
1428	81.3148993586404	76342
1429	81.29170246600202	76343
1430	81.22734467649022	76345
1431	81.21743956354342	76343
1432	81.19468316615183	76342
1433	81.17651154580875	76345
1434	81.16640295890987	76345
1435	81.1284057651139	76343
1436	81.07022567904464	76342
1437	81.0278557660388	76334
1438	80.97421413895117	76330
1439	80.90999534622863	76327
1440	80.86381873826765	76324
1441	80.81887438589817	76321
1442	80.79849205399415	76325
1443	80.72089686883925	76319
1444	80.71616966779492	76323
1445	80.67624629588553	76317
1446	80.57444465631482	76316
1447	80.5107192479142	76321
1448	80.48164035984665	76321
1449	80.39040575636997	76320
1450	80.34627157960847	76317
1451	80.32813006600207	76311
1452	80.28447327290185	76311
1453	80.21335690945445	76313
1454	80.18841789396484	76315
1455	80.09634792333664	76318
1456	80.01331001694926	76317
1457	79.91425697518324	76317
1458	79.86217428350848	76319
1459	79.85702166240475	76320
1460	79.8438840265671	76321
1461	79.854273604791	76320
1462	79.78533532113342	76318
1463	79.7626696699171	76319
1464	79.70913328272529	76326
1465	79.66702344148435	76324
1466	79.62126378112048	76324
1467	79.58732351660284	76323
1468	79.55615863728478	76323
1469	79.47944606282543	76319
1470	79.43112764118342	76320
1471	79.36723003166254	76323
1472	79.34656093507787	76324
1473	79.32191622848458	76327
1474	79.2946118224395	76330
1475	79.27850380815245	76329
1476	79.2384518906333	76326
1477	79.2431270244199	76317
1478	79.1929339500952	76317
1479	79.14035495110906	76317
1480	79.09042911624195	76318
1481	79.12031700389991	76322
1482	79.12692847314068	76321
1483	79.09964136527576	76327
1484	79.12700941747347	76329
1485	79.11974654946849	76325
1486	79.11720634373104	76326
1487	79.12426757444914	76330
1488	79.13516608381731	76324
1489	79.08705335184193	76323
1490	79.1487295277153	76326
1491	79.10277823137923	76326
1492	79.13703987434207	76322
1493	79.1457313643048	76326
1494	79.16163298110612	76324
1495	79.16630767767323	76320
1496	79.15959312545809	76317
1497	79.15417504317186	76318
1498	79.15262872673286	76319
1499	79.14792030300498	76323
1500	79.14253066481088	76324
1501	79.18558750773636	76321
1502	79.1940467216722	76318
1503	79.24150521154768	76316
1504	79.26658295921155	76318
1505	79.29143218636071	76323
1506	79.31034019190966	76321
1507	79.32760212399423	76329
1508	79.3232471896678	76334
1509	79.32316203735319	76330
1510	79.32763317765041	76327
1511	79.33575061050729	76332
1512	79.40799213762897	76335
1513	79.48200042077353	76338
1514	79.47403812804505	76339
1515	79.5308087037146	76342
1516	79.53979648894109	76341
1517	79.5559944255184	76341
1518	79.5912972441717	76347
1519	79.58351350619898	76345
1520	79.64699753790403	76340
1521	79.7046832268526	76341
1522	79.77861317412149	76341
1523	79.78919586110548	76347
1524	79.78714704161274	76344
1525	79.7687188297321	76341
1526	79.79888670275238	76343
1527	79.80581714852109	76338
1528	79.86277504678851	76338
1529	79.91628490036577	76342
1530	79.96210295763221	76341
1531	80.01250810825057	76338
1532	80.02591184861593	76343
1533	80.03082516216898	76339
1534	80.01586514782764	76339
1535	80.04885902612503	76344
1536	80.02693459977942	76341
1537	80.15036830691665	76344
1538	80.15338773476347	76343
1539	80.14277340030974	76343
1540	80.1725029768342	76344
1541	80.18414255018348	76342
1542	80.19021240308406	76339
1543	80.18339367332375	76344
1544	80.24310748280394	76352
1545	80.21326681276508	76355
1546	80.27770657418372	76352
1547	80.27380246798663	76357
1548	80.32000676038713	76351
1549	80.33637025681361	76347
1550	80.34991797824496	76344
1551	80.35133991890007	76343
1552	80.43152687975626	76341
1553	80.47684202724889	76338
1554	80.45120745859823	76339
1555	80.46105890719443	76339
1556	80.56872543313663	76338
1557	80.64117852765048	76341
1558	80.67341674863296	76338
1559	80.6947630131589	76339
1560	80.72745478396213	76334
1561	80.76355915114068	76330
1562	80.77306200114205	76327
1563	80.7669330631774	76327
1564	80.74728062223562	76330
1565	80.7159983259911	76328
1566	80.76066744940466	76325
1567	80.8141175120766	76328
1568	80.8300875806866	76327
1569	80.83581529156682	76325
1570	80.84380966466443	76331
1571	80.89262805095491	76331
1572	80.87910762694479	76329
1573	80.8770242682553	76335
1574	80.85029731977441	76330
1575	80.81367766725059	76329
1576	80.82513776670994	76328
1577	80.77737725626515	76328
1578	80.7808450065425	76330
1579	80.79356613187166	76325
1580	80.81923160070782	76325
1581	80.80729503455947	76325
1582	80.83376263217211	76325
1583	80.83372060742116	76324
1584	80.84680592176272	76329
1585	80.79007097461597	76327
1586	80.79303068114372	76324
1587	80.80722661681762	76331
1588	80.8479358643435	76325
1589	80.85795814427814	76330
1590	80.90511177915127	76326
1591	80.88928807482971	76325
1592	80.84798782861834	76331
1593	80.87041215578869	76332
1594	80.81832500180323	76336
1595	80.80045479633405	76338
1596	80.77272354625087	76344
1597	80.76118270967241	76345
1598	80.74770842501003	76344
1599	80.75594596600479	76340
1600	80.76253753799163	76339
1601	80.7838690307461	76336
1602	80.7584301476645	76335
1603	80.74993292814588	76334
1604	80.72806554488727	76338
1605	80.69990727331269	76338
1606	80.68893412105805	76345
1607	80.63160528844296	76352
1608	80.56314603270987	76352
1609	80.52612810237612	76352
1610	80.4971188014979	76352
1611	80.46428713363231	76354
1612	80.488982189843	76356
1613	80.4595323890867	76354
1614	80.41157184502556	76356
1615	80.36859596737749	76355
1616	80.37471106071361	76358
1617	80.33244506249517	76354
1618	80.26984096076863	76353
1619	80.21446991976843	76353
1620	80.26297928510031	76349
1621	80.24884027143494	76354
1622	80.22722570085475	76357
1623	80.2240299887353	76355
1624	80.12304786629895	76353
1625	80.12271563480071	76352
1626	80.09927385510368	76354
1627	80.01634392034545	76352
1628	79.94040442803507	76353
1629	79.91561737341183	76353
1630	79.87623174386245	76354
1631	79.8393592622721	76358
1632	79.81471476756963	76355
1633	79.76413419834189	76352
1634	79.76025578830036	76350
1635	79.70677965557572	76347
1636	79.65763952469484	76343
1637	79.59186549530936	76339
1638	79.53507304460487	76336
1639	79.52189096813912	76331
1640	79.44525831472396	76333
1641	79.44210121257565	76331
1642	79.40764931536793	76338
1643	79.41349541405292	76340
1644	79.36918610917965	76338
1645	79.37734166321759	76340
1646	79.34915046696698	76338
1647	79.31485386163794	76337
1648	79.31525061977656	76345
1649	79.26575997096188	76342
1650	79.29037286410849	76347
1651	79.27869344343783	76346
1652	79.24407038460355	76343
1653	79.20141872180942	76346
1654	79.19528449612727	76345
1655	79.163995525158	76346
1656	79.13547878416807	76347
1657	79.12688736707359	76344
1658	79.08263563396719	76342
1659	79.1093716369564	76343
1660	79.05460753352055	76346
1661	79.04634403809368	76342
1662	78.99393583358106	76341
1663	78.9618124367793	76339
1664	78.94661526676266	76337
1665	78.92709774407135	76334
1666	78.93888738243982	76338
1667	78.92550377834202	76338
1668	78.95025777433223	76339
1669	78.93028246433727	76343
1670	78.89651708783778	76345
1671	78.88145581283362	76346
1672	78.87750365691859	76351
1673	78.82928794439387	76345
1674	78.81880385443402	76343
1675	78.84554136886278	76345
1676	78.90100506873263	76341
1677	78.90674320634811	76342
1678	78.9211710535348	76342
1679	78.93837503175642	76342
1680	78.89853763335394	76342
1681	78.8813350686894	76338
1682	78.90394974240682	76332
1683	78.89991506217335	76331
1684	78.93131962046114	76321
1685	78.97350635005499	76320
1686	78.98443782292999	76321
1687	79.01356833383122	76322
1688	79.04426022447988	76327
1689	79.0526123586813	76328
1690	79.02924971679056	76325
1691	79.05303732619811	76324
1692	79.08448481620238	76324
1693	79.13846641122205	76329
1694	79.19862890358615	76331
1695	79.276095316623	76324
1696	79.26158341183633	76322
1697	79.27499984630504	76322
1698	79.32426560545024	76324
1699	79.33143952436797	76326
1700	79.324104640898	76330
1701	79.34645950739747	76327
1702	79.42275599369619	76323
1703	79.4173768268822	76325
1704	79.46166753746638	76327
1705	79.49506252524827	76329
1706	79.53163824426785	76335
1707	79.51289529498548	76332
1708	79.51880301399683	76335
1709	79.55491374833132	76329
1710	79.60419686234988	76332
1711	79.66267306847668	76333
1712	79.63339529944895	76331
1713	79.67127412229198	76332
1714	79.69612631663166	76330
1715	79.77165134132298	76331
1716	79.77078644725835	76328
1717	79.77358236887244	76327
1718	79.80835191680951	76322
1719	79.81205898518142	76319
1720	79.86434343381424	76317
1721	79.8333115955267	76317
1722	79.84022720211927	76310
1723	79.87420559968577	76314
1724	79.96252953865314	76314
1725	79.95481079347287	76316
1726	79.91938371684756	76318
1727	79.85535537233612	76319
1728	79.83770822239731	76325
1729	79.83759285578253	76325
1730	79.85064187197564	76320
1731	79.89715782316297	76322
1732	79.93298942384962	76323
1733	79.98619153599623	76321
1734	80.00741166485828	76320
1735	80.01696769562739	76321
1736	79.96625144860687	76322
1737	79.91606981144001	76315
1738	79.89929898077982	76309
1739	79.91657379383562	76309
1740	79.89353002134268	76303
1741	79.91715349542332	76300
1742	79.93523327743716	76298
1743	80.0014524659584	76294
1744	79.96458030593524	76296
1745	79.96762620507513	76295
1746	79.93751995145463	76289
1747	79.90777561175642	76291
1748	79.90928928890756	76290
1749	79.87420056119257	76293
1750	79.8658297145496	76292
1751	79.86078051407297	76290
1752	79.90957452384848	76286
1753	79.90033089411301	76285
1754	79.9204412863484	76291
1755	79.96269631661379	76290
1756	79.98408977613076	76297
1757	79.95846078582929	76297
1758	79.99016646595035	76298
1759	80.03854933372963	76300
1760	80.02954179681444	76301
1761	80.04744365258898	76301
1762	80.06281734921593	76304
1763	80.10057392184972	76307
1764	80.12016309737372	76303
1765	80.0888377668583	76305
1766	80.02237590803239	76308
1767	80.03308011358669	76308
1768	80.04942240314419	76310
1769	80.0103591291987	76315
1770	79.97869191839217	76311
1771	79.98492173984853	76310
1772	79.93168835598013	76311
1773	79.92156325378474	76308
1774	79.85160407790931	76310
1775	79.8169984074861	76310
1776	79.80526646765843	76312
1777	79.82865140064888	76319
1778	79.84617109867783	76314
1779	79.79012764146638	76316
1780	79.79873548247572	76317
1781	79.80495135607984	76315
1782	79.79654101294793	76308
1783	79.79418038469645	76315
1784	79.79069094198918	76317
1785	79.81184325701332	76320
1786	79.80383626532576	76320
1787	79.82137783079784	76323
1788	79.77948166809819	76320
1789	79.78635649500114	76319
1790	79.76399231484216	76322
1791	79.78048297750072	76323
1792	79.81349368130743	76323
1793	79.79521931743935	76323
1794	79.76891450106922	76327
1795	79.74284538427676	76328
1796	79.7345512934644	76330
1797	79.66899799035089	76328
1798	79.64249928564082	76326
1799	79.5649745514515	76327
1800	79.59578115227632	76328
1801	79.54554721504057	76332
1802	79.47233038573758	76333
1803	79.37269781514063	76330
1804	79.3817055015022	76326
1805	79.39512110415167	76327
1806	79.33348730746285	76323
1807	79.32962161504257	76317
1808	79.30901689824003	76316
1809	79.29962065673357	76313
1810	79.29956330201048	76312
1811	79.30862568598886	76312
1812	79.25249733369553	76319
1813	79.28850567384575	76318
1814	79.2994555311022	76319
1815	79.24945727534306	76320
1816	79.27348023187807	76319
1817	79.3226021347039	76317
1818	79.30412042250347	76322
1819	79.32042910089201	76322
1820	79.34591353218653	76324
1821	79.36480521621577	76324
1822	79.37948684996964	76320
1823	79.40758125501938	76321
1824	79.39875885028678	76319
1825	79.31195413686223	76318
1826	79.29518957012115	76323
1827	79.31264567516169	76319
1828	79.31076179914506	76320
1829	79.29255167949917	76323
1830	79.27534815969942	76325
1831	79.27404180549135	76324
1832	79.2596619403958	76327
1833	79.29835689537458	76331
1834	79.26299891819323	76333
1835	79.28801072412304	76336
1836	79.34430041790547	76334
1837	79.38254910332314	76332
1838	79.37038634986382	76328
1839	79.37419144145126	76324
1840	79.37141087038984	76322
1841	79.36596698470679	76321
1842	79.3536005524402	76320
1843	79.32181856439423	76322
1844	79.3659957845701	76323
1845	79.46155782290144	76318
1846	79.45193793998378	76319
1847	79.44712019247774	76313
1848	79.45052479823521	76319
1849	79.49176844552814	76323
1850	79.50954468440744	76327
1851	79.49576883232587	76329
1852	79.52462588285285	76329
1853	79.5294404647988	76327
1854	79.51816448150247	76329
1855	79.44458083063569	76327
1856	79.49298982229952	76326
1857	79.55242388107035	76324
1858	79.56327719623042	76332
1859	79.55497309795295	76334
1860	79.58875377087726	76340
1861	79.64728617413449	76339
1862	79.67378875625631	76333
1863	79.69857075320951	76333
1864	79.71125999381597	76329
1865	79.75318537965882	76324
1866	79.75583745279768	76320
1867	79.7889920079466	76323
1868	79.85821175201099	76318
1869	79.8915799012252	76314
1870	79.903364077497	76316
1871	79.99510706623484	76320
1872	79.98473308454864	76323
1873	80.03118213158321	76325
1874	80.01591427295152	76328
1875	79.97274370773626	76324
1876	80.01915521042216	76321
1877	80.03479255820368	76315
1878	80.03292992110967	76316
1879	80.08228408631001	76313
1880	80.16636583761795	76311
1881	80.11914664998142	76316
1882	80.08963091981485	76315
1883	80.06933877722504	76316
1884	80.07323717891936	76313
1885	80.15423929676084	76320
1886	80.17844471130573	76318
1887	80.20460314082707	76322
1888	80.2006142773999	76325
1889	80.21187388228876	76321
1890	80.18637566854309	76323
1891	80.19652191205618	76323
1892	80.22629035385545	76325
1893	80.22347342103001	76329
1894	80.26912085823041	76333
1895	80.2485538605516	76334
1896	80.31962734870815	76330
1897	80.29207200807681	76323
1898	80.26236330982658	76323
1899	80.2400341857028	76321
1900	80.21757130364507	76317
1901	80.22346384113571	76313
1902	80.24941569428017	76313
1903	80.25636069678156	76314
1904	80.24384674403626	76314
1905	80.27662836737593	76311
1906	80.21078094621411	76314
1907	80.18705078829447	76322
1908	80.13050548623363	76324
1909	80.11241803788866	76324
1910	80.08917558360757	76320
1911	80.05146643256968	76318
1912	80.01153619654691	76318
1913	80.02624227283184	76323
1914	80.02702798651605	76325
1915	80.00326184092786	76323
1916	79.927924282106	76324
1917	79.88700189902406	76328
1918	79.91329754925115	76326
1919	79.89957256543649	76322
1920	79.89785005315932	76321
1921	79.84015379962274	76320
1922	79.8871756544716	76321
1923	79.89185476978959	76323
1924	79.92542489362752	76329
1925	79.911315953768	76325
1926	79.9112403486227	76327
1927	79.9066465149553	76326
1928	79.86652507294563	76327
1929	79.84116456412885	76331
1930	79.77920478084776	76331
1931	79.75955867884807	76324
1932	79.72292381716001	76330
1933	79.74610184027402	76333
1934	79.73640476418082	76331
1935	79.70329762078092	76330
1936	79.66857560710112	76333
1937	79.63200318244967	76334
1938	79.6102072169744	76341
1939	79.58434283259464	76338
1940	79.55129232818742	76340
1941	79.49603939611558	76343
1942	79.52754846052105	76341
1943	79.50026981048133	76342
1944	79.46127896910475	76341
1945	79.42212849863796	76342
1946	79.38366140507031	76344
1947	79.35140361813284	76338
1948	79.36359100054524	76337
1949	79.26578339953252	76337
1950	79.20246472924671	76336
1951	79.27244547701055	76342
1952	79.19727981663519	76341
1953	79.13457312051982	76330
1954	79.1456370039995	76335
1955	79.12278816630875	76335
1956	79.0982028247101	76335
1957	79.06022524895909	76339
1958	78.99561319155934	76340
1959	79.02345990623124	76346
1960	79.10454075647432	76348
1961	79.07299980990429	76345
1962	78.99297274844824	76348
1963	78.94790506009757	76353
1964	78.96256341790941	76355
1965	78.91720191775745	76356
1966	78.87021361950103	76357
1967	78.86056139430919	76350
1968	78.89515076575363	76348
1969	78.95761911588671	76351
1970	78.96243158072564	76347
1971	78.91934588097558	76349
1972	78.90952182368932	76349
1973	78.97700903076145	76345
1974	78.99685226801209	76338
1975	79.0222572008016	76339
1976	79.02758135308555	76337
1977	79.02408189927817	76338
1978	79.07911572652118	76339
1979	79.05704527811463	76338
1980	79.07312558436143	76338
1981	79.0699332294593	76336
1982	79.10991738006096	76342
1983	79.10862901027103	76349
1984	79.15108844408171	76348
1985	79.18564770130013	76353
1986	79.15774876937866	76351
1987	79.20923993170811	76346
1988	79.23375907444839	76344
1989	79.27975291031012	76346
1990	79.27247768505721	76351
1991	79.27085682491636	76345
1992	79.24090083024824	76345
1993	79.24401401409024	76350
1994	79.23818127256064	76361
1995	79.25490503801338	76358
1996	79.31789196643177	76357
1997	79.36300063486706	76359
1998	79.43804985606046	76362
1999	79.48676355894085	76363
2000	79.50586165432703	76363
